{
   "html_attributions" : [],
   "results" : [
      {
         "business_status" : "OPERATIONAL",
         "geometry" : {
            "location" : {
               "lat" : 21.1959098,
               "lng" : 72.79330209999999
            },
            "viewport" : {
               "northeast" : {
                  "lat" : 21.19722447989272,
                  "lng" : 72.79459807989271
               },
               "southwest" : {
                  "lat" : 21.19452482010728,
                  "lng" : 72.79189842010727
               }
            }
         },
         "icon" : "https://maps.gstatic.com/mapfiles/place_api/icons/v1/png_71/restaurant-71.png",
         "icon_background_color" : "#FF9E67",
         "icon_mask_base_uri" : "https://maps.gstatic.com/mapfiles/place_api/icons/v2/restaurant_pinlet",
         "name" : "Seven Hills Restaurant | Best Italian Restaurant in Adajan",
         "opening_hours" : {
            "open_now" : true
         },
         "place_id" : "ChIJ2f4EkLJN4DsReeCARaJTKg0",
         "plus_code" : {
            "compound_code" : "5QWV+98 Surat, Gujarat",
            "global_code" : "7JHJ5QWV+98"
         },
         "rating" : 0,
         "reference" : "ChIJ2f4EkLJN4DsReeCARaJTKg0",
         "scope" : "GOOGLE",
         "types" : [ "restaurant", "food", "point_of_interest", "establishment" ],
         "user_ratings_total" : 0,
         "vicinity" : "Adajan Gam, Adajan, Surat"
      },
      {
         "business_status" : "OPERATIONAL",
         "geometry" : {
            "location" : {
               "lat" : 21.1887049,
               "lng" : 72.79017859999999
            },
            "viewport" : {
               "northeast" : {
                  "lat" : 21.19001537989272,
                  "lng" : 72.79145267989271
               },
               "southwest" : {
                  "lat" : 21.18731572010728,
                  "lng" : 72.78875302010727
               }
            }
         },
         "icon" : "https://maps.gstatic.com/mapfiles/place_api/icons/v1/png_71/restaurant-71.png",
         "icon_background_color" : "#FF9E67",
         "icon_mask_base_uri" : "https://maps.gstatic.com/mapfiles/place_api/icons/v2/restaurant_pinlet",
         "name" : "THE GARLIC KNOT ( PIZZA CAFE ).",
         "opening_hours" : {
            "open_now" : true
         },
         "photos" : [
            {
               "height" : 1200,
               "html_attributions" : [
                  "\u003ca href=\"https://maps.google.com/maps/contrib/111290599269315772914\"\u003eA Google User\u003c/a\u003e"
               ],
               "photo_reference" : "AUjq9jkDmsGY7RCnoGLLJetcOBxyq1rPG2cke9RtTC7wYSSQ6Kk0SbRkr4NZEBJWoqrf4amIMfDabpHo_aPBeFpVBawN3sbjax7LBC6bl8qm5dLFqoWWaaUNu7LwfSJRDDhUt2MhbhenMwidcGpcaGtS-W4gtWNwCVf0lE8K3fJM3aZTU0xT",
               "width" : 1600
            }
         ],
         "place_id" : "ChIJcS-4B09N4DsRNZv6nUK8cpQ",
         "plus_code" : {
            "compound_code" : "5QQR+F3 Surat, Gujarat",
            "global_code" : "7JHJ5QQR+F3"
         },
         "rating" : 4.7,
         "reference" : "ChIJcS-4B09N4DsRNZv6nUK8cpQ",
         "scope" : "GOOGLE",
         "types" : [ "cafe", "restaurant", "food", "point_of_interest", "establishment" ],
         "user_ratings_total" : 519,
         "vicinity" : "G4 - G5, EON SQUARE, LP Savani Rd, beside shell petrol pump, Adajan, Surat"
      },
      {
         "business_status" : "OPERATIONAL",
         "geometry" : {
            "location" : {
               "lat" : 21.1853325,
               "lng" : 72.7718397
            },
            "viewport" : {
               "northeast" : {
                  "lat" : 21.18683607989272,
                  "lng" : 72.77316687989271
               },
               "southwest" : {
                  "lat" : 21.18413642010728,
                  "lng" : 72.77046722010728
               }
            }
         },
         "icon" : "https://maps.gstatic.com/mapfiles/place_api/icons/v1/png_71/restaurant-71.png",
         "icon_background_color" : "#FF9E67",
         "icon_mask_base_uri" : "https://maps.gstatic.com/mapfiles/place_api/icons/v2/restaurant_pinlet",
         "name" : "Italy To India",
         "opening_hours" : {
            "open_now" : false
         },
         "photos" : [
            {
               "height" : 1800,
               "html_attributions" : [
                  "\u003ca href=\"https://maps.google.com/maps/contrib/107379819495402061108\"\u003eA Google User\u003c/a\u003e"
               ],
               "photo_reference" : "AUjq9jlDgKRnELyWuDEvjMCKxTsbguUMjl6yTJpSw_BooYHrOWS2idJQgCLdNCPMUYjdEAx5ERDacXCMATIaCZ9y_5BAalx7XgAwMtqGftnhjqM_tZ-IaxaGy0GmqRmkuRnHw0WYZVbv6ZmIbe4utxnZNMbHllr8wkJoCJv1E_u7JCG7Zs8F",
               "width" : 4000
            }
         ],
         "place_id" : "ChIJOyJqg2xN4DsRxe-1Jep4c44",
         "plus_code" : {
            "compound_code" : "5QPC+4P Surat, Gujarat",
            "global_code" : "7JHJ5QPC+4P"
         },
         "rating" : 5,
         "reference" : "ChIJOyJqg2xN4DsRxe-1Jep4c44",
         "scope" : "GOOGLE",
         "types" : [ "restaurant", "food", "point_of_interest", "establishment" ],
         "user_ratings_total" : 1,
         "vicinity" : "Shop NO.17, The Fentasiya, 2, Gaurav Path Road, Adajan, Pal Gam, Surat"
      },
      {
         "business_status" : "OPERATIONAL",
         "geometry" : {
            "location" : {
               "lat" : 21.1954315,
               "lng" : 72.80223909999999
            },
            "viewport" : {
               "northeast" : {
                  "lat" : 21.19679612989272,
                  "lng" : 72.80355527989272
               },
               "southwest" : {
                  "lat" : 21.19409647010728,
                  "lng" : 72.80085562010727
               }
            }
         },
         "icon" : "https://maps.gstatic.com/mapfiles/place_api/icons/v1/png_71/restaurant-71.png",
         "icon_background_color" : "#FF9E67",
         "icon_mask_base_uri" : "https://maps.gstatic.com/mapfiles/place_api/icons/v2/restaurant_pinlet",
         "name" : "Restro Bistro Restaurant",
         "opening_hours" : {
            "open_now" : true
         },
         "photos" : [
            {
               "height" : 4000,
               "html_attributions" : [
                  "\u003ca href=\"https://maps.google.com/maps/contrib/100731442872258317498\"\u003eA Google User\u003c/a\u003e"
               ],
               "photo_reference" : "AUjq9jkwv2kRkl0CXkBFUNLyBlk0ADE4qgBIqHV82vQtAnSOqGbrk21dPfh_Gsm0h4S73z4ywjGEp_Dn10q7TxcRA07wi10Bv6VlhTTLncFaXvRwadWYipQLruPvwfxUe_nwO8ARzwZjgzscpEA5iE3MMIy6z9PEcLxn054LaEzv_8GkOtzr",
               "width" : 3000
            }
         ],
         "place_id" : "ChIJdwPTF9VN4DsRptyMIkjmRsc",
         "rating" : 3.2,
         "reference" : "ChIJdwPTF9VN4DsRptyMIkjmRsc",
         "scope" : "GOOGLE",
         "types" : [ "restaurant", "food", "point_of_interest", "establishment" ],
         "user_ratings_total" : 25,
         "vicinity" : "5RW2+5VH, Krishna Nagar Society, Premjinagar Society-1, Gita Nagar, Narotam Nagar, Surat"
      },
      {
         "business_status" : "OPERATIONAL",
         "geometry" : {
            "location" : {
               "lat" : 21.20428,
               "lng" : 72.789337
            },
            "viewport" : {
               "northeast" : {
                  "lat" : 21.20562947989272,
                  "lng" : 72.79068382989273
               },
               "southwest" : {
                  "lat" : 21.20292982010728,
                  "lng" : 72.78798417010728
               }
            }
         },
         "icon" : "https://maps.gstatic.com/mapfiles/place_api/icons/v1/png_71/restaurant-71.png",
         "icon_background_color" : "#FF9E67",
         "icon_mask_base_uri" : "https://maps.gstatic.com/mapfiles/place_api/icons/v2/restaurant_pinlet",
         "name" : "What The Food",
         "opening_hours" : {
            "open_now" : true
         },
         "photos" : [
            {
               "height" : 3840,
               "html_attributions" : [
                  "\u003ca href=\"https://maps.google.com/maps/contrib/112029944387420004524\"\u003eA Google User\u003c/a\u003e"
               ],
               "photo_reference" : "AUjq9jk5VPK_eGHa4wMzleuax39p0rh2CgNU1p_vTxguey0mh3pCDvcYgpbNlVHGt4LKKDMj4wGWOlfTOn39FxPuB1DV8EUW2jkjmcJlyol1tz8v0N2BMCzwzDFg60DSOA2qri_BaRE4ywOCs95I4KDY5BhbD-rQBtZKR7mthn3bje6Ot9fD",
               "width" : 2160
            }
         ],
         "place_id" : "ChIJBbuXT4RN4DsR4RZfCqTJ8gM",
         "plus_code" : {
            "compound_code" : "6Q3Q+PP Surat, Gujarat",
            "global_code" : "7JHJ6Q3Q+PP"
         },
         "rating" : 4.9,
         "reference" : "ChIJBbuXT4RN4DsR4RZfCqTJ8gM",
         "scope" : "GOOGLE",
         "types" : [ "restaurant", "food", "point_of_interest", "establishment" ],
         "user_ratings_total" : 65,
         "vicinity" : "Ground Floor, Dharti Complex, Vir Bhagat Singh Marg Near Surabhi Dairy,, Adajan, opposite Bharat Petroleum, Petrol Pump -Anavil Petroleum, Surat"
      },
      {
         "business_status" : "OPERATIONAL",
         "geometry" : {
            "location" : {
               "lat" : 21.1992697,
               "lng" : 72.7856281
            },
            "viewport" : {
               "northeast" : {
                  "lat" : 21.20059822989272,
                  "lng" : 72.78698477989273
               },
               "southwest" : {
                  "lat" : 21.19789857010728,
                  "lng" : 72.78428512010728
               }
            }
         },
         "icon" : "https://maps.gstatic.com/mapfiles/place_api/icons/v1/png_71/restaurant-71.png",
         "icon_background_color" : "#FF9E67",
         "icon_mask_base_uri" : "https://maps.gstatic.com/mapfiles/place_api/icons/v2/restaurant_pinlet",
         "name" : "Maggiano",
         "opening_hours" : {
            "open_now" : true
         },
         "photos" : [
            {
               "height" : 2448,
               "html_attributions" : [
                  "\u003ca href=\"https://maps.google.com/maps/contrib/115171749674197924328\"\u003esavan prajapati\u003c/a\u003e"
               ],
               "photo_reference" : "AUjq9jnQLx_iG-BgRt7aaVAsLe-URvO2P_jghBUbpQHBIHmBh2ioEg-HvuwoR5CMxex9KtmD7_fE1VzxJ4Ypaofy39JMSLsj_OOVAiP5h763Gdl3Di5BuSr3HdzAkYWahj5g2QhJvNqvMkf31wA7HNSVvAifp1p1Hd0eQezP6gnS6n3zH2Ix",
               "width" : 3264
            }
         ],
         "place_id" : "ChIJ0X80NgdS4DsRseAP2IrDzKw",
         "plus_code" : {
            "compound_code" : "5QXP+P6 Surat, Gujarat",
            "global_code" : "7JHJ5QXP+P6"
         },
         "rating" : 3.9,
         "reference" : "ChIJ0X80NgdS4DsRseAP2IrDzKw",
         "scope" : "GOOGLE",
         "types" : [ "restaurant", "food", "point_of_interest", "establishment" ],
         "user_ratings_total" : 229,
         "vicinity" : "Sanai Residency, No. 789, Honey Park Rd, Near Parshuram garden, Adajan, Surat"
      },
      {
         "business_status" : "OPERATIONAL",
         "geometry" : {
            "location" : {
               "lat" : 21.1921559,
               "lng" : 72.7874616
            },
            "viewport" : {
               "northeast" : {
                  "lat" : 21.19361187989272,
                  "lng" : 72.78886302989272
               },
               "southwest" : {
                  "lat" : 21.19091222010728,
                  "lng" : 72.78616337010727
               }
            }
         },
         "icon" : "https://maps.gstatic.com/mapfiles/place_api/icons/v1/png_71/restaurant-71.png",
         "icon_background_color" : "#FF9E67",
         "icon_mask_base_uri" : "https://maps.gstatic.com/mapfiles/place_api/icons/v2/restaurant_pinlet",
         "name" : "Puffizza Surat Adajan",
         "opening_hours" : {
            "open_now" : true
         },
         "photos" : [
            {
               "height" : 3024,
               "html_attributions" : [
                  "\u003ca href=\"https://maps.google.com/maps/contrib/114295296198881802298\"\u003eBhushan Mehta\u003c/a\u003e"
               ],
               "photo_reference" : "AUjq9jnBox4Pztxw-FWMAtx9zoo8XAlMKgIya9jZvrqPC1CkYuLo-BgxzRRikFgP0kvXHwxkaFZSjxYFxJcuf5AQMKUcXM_FGYBUe63W1-QW5nI57pl2WenIoHaWEEfZpDRsyxy0CgVR0xFQSFfN9pRdJL5NIcLTeRyk-2L-KkZSxH7VFfmn",
               "width" : 4032
            }
         ],
         "place_id" : "ChIJJdM_U2hN4DsRsGbtghPyudI",
         "plus_code" : {
            "compound_code" : "5QRP+VX Surat, Gujarat",
            "global_code" : "7JHJ5QRP+VX"
         },
         "price_level" : 2,
         "rating" : 4.3,
         "reference" : "ChIJJdM_U2hN4DsRsGbtghPyudI",
         "scope" : "GOOGLE",
         "types" : [
            "meal_delivery",
            "meal_takeaway",
            "store",
            "restaurant",
            "food",
            "point_of_interest",
            "establishment"
         ],
         "user_ratings_total" : 80,
         "vicinity" : "101D, Velocity Business Hub Near Madhuvan Circle, LP Savani Road Pal, Adajan, Surat"
      },
      {
         "business_status" : "OPERATIONAL",
         "geometry" : {
            "location" : {
               "lat" : 21.170854,
               "lng" : 72.7822307
            },
            "viewport" : {
               "northeast" : {
                  "lat" : 21.17215982989272,
                  "lng" : 72.78358682989273
               },
               "southwest" : {
                  "lat" : 21.16946017010728,
                  "lng" : 72.78088717010728
               }
            }
         },
         "icon" : "https://maps.gstatic.com/mapfiles/place_api/icons/v1/png_71/restaurant-71.png",
         "icon_background_color" : "#FF9E67",
         "icon_mask_base_uri" : "https://maps.gstatic.com/mapfiles/place_api/icons/v2/restaurant_pinlet",
         "name" : "BringMyCoffee",
         "place_id" : "ChIJ7-E22tNN4DsRiNu3X4Cfzjw",
         "plus_code" : {
            "compound_code" : "5QCJ+8V Surat, Gujarat",
            "global_code" : "7JHJ5QCJ+8V"
         },
         "rating" : 0,
         "reference" : "ChIJ7-E22tNN4DsRiNu3X4Cfzjw",
         "scope" : "GOOGLE",
         "types" : [ "restaurant", "food", "point_of_interest", "establishment" ],
         "user_ratings_total" : 0,
         "vicinity" : "36, Navpallav Bunglows, ichhanath, Umra Rd, Surat"
      },
      {
         "business_status" : "OPERATIONAL",
         "geometry" : {
            "location" : {
               "lat" : 21.1681898,
               "lng" : 72.8075764
            },
            "viewport" : {
               "northeast" : {
                  "lat" : 21.16961557989272,
                  "lng" : 72.80888652989272
               },
               "southwest" : {
                  "lat" : 21.16691592010728,
                  "lng" : 72.80618687010728
               }
            }
         },
         "icon" : "https://maps.gstatic.com/mapfiles/place_api/icons/v1/png_71/restaurant-71.png",
         "icon_background_color" : "#FF9E67",
         "icon_mask_base_uri" : "https://maps.gstatic.com/mapfiles/place_api/icons/v2/restaurant_pinlet",
         "name" : "La Pino'z Pizza Bhatar",
         "opening_hours" : {
            "open_now" : true
         },
         "photos" : [
            {
               "height" : 3024,
               "html_attributions" : [
                  "\u003ca href=\"https://maps.google.com/maps/contrib/103859302536517754450\"\u003eAjay Parmar\u003c/a\u003e"
               ],
               "photo_reference" : "AUjq9jm1xLu27BnVS7g5cxXivge9LrGPJKMvYgePFpC3TwwHfpVIpFd3xErg9EVW2aIP4SYQT5AWZanWzlN-d9Ic2EBlmcKeThW4B1eGjtlYeoT9yww3UImZP96fMf3Mf7e6hk0uII2Izeupte0tUzSVg50eNnnQy2WQByZ0KUNk0uf_Y8aD",
               "width" : 4032
            }
         ],
         "place_id" : "ChIJZXtQi7dP4DsRGrWjMwM-Zr0",
         "plus_code" : {
            "compound_code" : "5R95+72 Surat, Gujarat",
            "global_code" : "7JHJ5R95+72"
         },
         "price_level" : 2,
         "rating" : 4.1,
         "reference" : "ChIJZXtQi7dP4DsRGrWjMwM-Zr0",
         "scope" : "GOOGLE",
         "types" : [ "restaurant", "food", "point_of_interest", "establishment" ],
         "user_ratings_total" : 331,
         "vicinity" : "97, Om Square, beside KP House, BRTS, Vesu Canal Rd, Bhatar, Surat"
      },
      {
         "business_status" : "OPERATIONAL",
         "geometry" : {
            "location" : {
               "lat" : 21.1950919,
               "lng" : 72.80180369999999
            },
            "viewport" : {
               "northeast" : {
                  "lat" : 21.19642427989272,
                  "lng" : 72.80320852989271
               },
               "southwest" : {
                  "lat" : 21.19372462010728,
                  "lng" : 72.80050887010727
               }
            }
         },
         "icon" : "https://maps.gstatic.com/mapfiles/place_api/icons/v1/png_71/restaurant-71.png",
         "icon_background_color" : "#FF9E67",
         "icon_mask_base_uri" : "https://maps.gstatic.com/mapfiles/place_api/icons/v2/restaurant_pinlet",
         "name" : "The Live Kitchen",
         "opening_hours" : {
            "open_now" : true
         },
         "photos" : [
            {
               "height" : 500,
               "html_attributions" : [
                  "\u003ca href=\"https://maps.google.com/maps/contrib/103774063715244021239\"\u003eA Google User\u003c/a\u003e"
               ],
               "photo_reference" : "AUjq9jkJjIfELIy5af8NIKTdq1bgCaDYL6unrljUGvNN9eg1GxyPfJdQRemPtIH7KZWJmsudjLGPCRFjj3H_ft3p5mmcwN0mopkJm50nvWXO2zR38n1R5c18L30DCoaiaq4Aly0HXimdBdDBevXaNLK2pJZ5WQMzcOwqBh6kF1ZD9pwzvchG",
               "width" : 667
            }
         ],
         "place_id" : "ChIJ6SASnnlN4DsRO5p9bJf8MuM",
         "plus_code" : {
            "compound_code" : "5RW2+2P Surat, Gujarat",
            "global_code" : "7JHJ5RW2+2P"
         },
         "rating" : 4.7,
         "reference" : "ChIJ6SASnnlN4DsRO5p9bJf8MuM",
         "scope" : "GOOGLE",
         "types" : [ "restaurant", "food", "point_of_interest", "establishment" ],
         "user_ratings_total" : 39,
         "vicinity" : "SHOP G34, Muktanand Nagar, Near Gujarat Gas Circle, Road, Adajan, Surat"
      },
      {
         "business_status" : "OPERATIONAL",
         "geometry" : {
            "location" : {
               "lat" : 21.1897139,
               "lng" : 72.77154299999999
            },
            "viewport" : {
               "northeast" : {
                  "lat" : 21.19107762989272,
                  "lng" : 72.77299487989272
               },
               "southwest" : {
                  "lat" : 21.18837797010728,
                  "lng" : 72.77029522010729
               }
            }
         },
         "icon" : "https://maps.gstatic.com/mapfiles/place_api/icons/v1/png_71/restaurant-71.png",
         "icon_background_color" : "#FF9E67",
         "icon_mask_base_uri" : "https://maps.gstatic.com/mapfiles/place_api/icons/v2/restaurant_pinlet",
         "name" : "The Green Spice Multicuisine Restaurant & Cafe",
         "opening_hours" : {
            "open_now" : true
         },
         "photos" : [
            {
               "height" : 6000,
               "html_attributions" : [
                  "\u003ca href=\"https://maps.google.com/maps/contrib/102553961728106322288\"\u003eA Google User\u003c/a\u003e"
               ],
               "photo_reference" : "AUjq9jlhSLu48OlnqiDNw_6v0icRy-rKjGOhq1CGdod6gs4le_11wW3H5kJmF_7Mun3vpYn7oXU0oypdruWaltUgOtpW1dANS_m9fReOJo7HjGDQJgG1RDUkydjod3p8dNsjKBIwb-DQW_mNduXYL_h-NGyKqk7a_T87UrsGTjSd55I_YadD",
               "width" : 8000
            }
         ],
         "place_id" : "ChIJw6-2DgtN4DsRggDbhE2WKEU",
         "plus_code" : {
            "compound_code" : "5QQC+VJ Surat, Gujarat",
            "global_code" : "7JHJ5QQC+VJ"
         },
         "rating" : 4.2,
         "reference" : "ChIJw6-2DgtN4DsRggDbhE2WKEU",
         "scope" : "GOOGLE",
         "types" : [
            "restaurant",
            "meal_takeaway",
            "cafe",
            "store",
            "food",
            "point_of_interest",
            "establishment"
         ],
         "user_ratings_total" : 224,
         "vicinity" : "Ground Floor, Madhav Atria, Bhagban Circle, Gaurav Path Road, Surat"
      },
      {
         "business_status" : "OPERATIONAL",
         "geometry" : {
            "location" : {
               "lat" : 21.1966756,
               "lng" : 72.79439889999999
            },
            "viewport" : {
               "northeast" : {
                  "lat" : 21.19805832989272,
                  "lng" : 72.7957188798927
               },
               "southwest" : {
                  "lat" : 21.19535867010728,
                  "lng" : 72.79301922010727
               }
            }
         },
         "icon" : "https://maps.gstatic.com/mapfiles/place_api/icons/v1/png_71/cafe-71.png",
         "icon_background_color" : "#FF9E67",
         "icon_mask_base_uri" : "https://maps.gstatic.com/mapfiles/place_api/icons/v2/cafe_pinlet",
         "name" : "BREADOZE FASTFOOD & MOCKTAILS ADAJAN",
         "opening_hours" : {
            "open_now" : true
         },
         "photos" : [
            {
               "height" : 3456,
               "html_attributions" : [
                  "\u003ca href=\"https://maps.google.com/maps/contrib/101714886914607861258\"\u003eA Google User\u003c/a\u003e"
               ],
               "photo_reference" : "AUjq9jnEzXJ0V7dANhWJ7MedWnni-70Hc3TfD-jKbm_ccECOQk_uUAssXsbnpM3e8KGU_6KUG1pHI3v5Uovt2Lc_lGrBzFf7bsbMhwUVgI36ufihvhoVLOJZZhGIZdlE9voRMlkC_cuVrAwelo6ecCEJhBfBjfVIbOKFv5DNqP6Xu6VvACfJ",
               "width" : 5184
            }
         ],
         "place_id" : "ChIJ46vTM_dN4DsR3GD8i1iFEq0",
         "plus_code" : {
            "compound_code" : "5QWV+MQ Surat, Gujarat",
            "global_code" : "7JHJ5QWV+MQ"
         },
         "rating" : 4.6,
         "reference" : "ChIJ46vTM_dN4DsR3GD8i1iFEq0",
         "scope" : "GOOGLE",
         "types" : [ "cafe", "restaurant", "food", "point_of_interest", "establishment" ],
         "user_ratings_total" : 24,
         "vicinity" : "17, Royal Residency, Near Shah Jamnadas Ghariwala, opp. Mahalaxmi Temple, Adajan, Surat"
      },
      {
         "business_status" : "OPERATIONAL",
         "geometry" : {
            "location" : {
               "lat" : 21.1896402,
               "lng" : 72.7965923
            },
            "viewport" : {
               "northeast" : {
                  "lat" : 21.19113462989272,
                  "lng" : 72.79794392989271
               },
               "southwest" : {
                  "lat" : 21.18843497010728,
                  "lng" : 72.79524427010728
               }
            }
         },
         "icon" : "https://maps.gstatic.com/mapfiles/place_api/icons/v1/png_71/restaurant-71.png",
         "icon_background_color" : "#FF9E67",
         "icon_mask_base_uri" : "https://maps.gstatic.com/mapfiles/place_api/icons/v2/restaurant_pinlet",
         "name" : "N Y Pizza ADAJAN",
         "opening_hours" : {
            "open_now" : true
         },
         "photos" : [
            {
               "height" : 667,
               "html_attributions" : [
                  "\u003ca href=\"https://maps.google.com/maps/contrib/102361676963551637667\"\u003eNY Pizza\u003c/a\u003e"
               ],
               "photo_reference" : "AUjq9jn-giPMjnpzjYke5smMq4EPvz_uYaRZiqjSPNBo0fZdqRTZE6r9DbKcLoLKQ7pXW15LnrIfjWptX6K8CC2pD9n-5rNRXGT8zHk6gp8_ZxWBrw9NsdukwFMFNhjpeVHLAWryKFX8yNr_v9SnOncgV5BB-IdE_O-e5y3yR5bK8wedW5A",
               "width" : 1000
            }
         ],
         "place_id" : "ChIJMU2naNFN4DsRAMBt_6F0m-s",
         "plus_code" : {
            "compound_code" : "5QQW+VJ Surat, Gujarat",
            "global_code" : "7JHJ5QQW+VJ"
         },
         "price_level" : 2,
         "rating" : 3.8,
         "reference" : "ChIJMU2naNFN4DsRAMBt_6F0m-s",
         "scope" : "GOOGLE",
         "types" : [
            "meal_delivery",
            "meal_takeaway",
            "restaurant",
            "food",
            "point_of_interest",
            "establishment"
         ],
         "user_ratings_total" : 3254,
         "vicinity" : "Western Corridor, 103-104, Char Rasta, above Saraswat Bank, Adajan Gam, Surat"
      },
      {
         "business_status" : "OPERATIONAL",
         "geometry" : {
            "location" : {
               "lat" : 21.1900734,
               "lng" : 72.7727982
            },
            "viewport" : {
               "northeast" : {
                  "lat" : 21.19140562989272,
                  "lng" : 72.77414872989273
               },
               "southwest" : {
                  "lat" : 21.18870597010728,
                  "lng" : 72.77144907010728
               }
            }
         },
         "icon" : "https://maps.gstatic.com/mapfiles/place_api/icons/v1/png_71/restaurant-71.png",
         "icon_background_color" : "#FF9E67",
         "icon_mask_base_uri" : "https://maps.gstatic.com/mapfiles/place_api/icons/v2/restaurant_pinlet",
         "name" : "Royal Dine Gauravpath | Restaurant & Banquet | Terrace Garden",
         "opening_hours" : {
            "open_now" : true
         },
         "photos" : [
            {
               "height" : 2608,
               "html_attributions" : [
                  "\u003ca href=\"https://maps.google.com/maps/contrib/100291578843041355231\"\u003eBhavik Rana\u003c/a\u003e"
               ],
               "photo_reference" : "AUjq9jlo2jqtT6kdmzuDMKj-2k0ACCgCXMsMIRDnumuvbBOE_slixjprreRaZRkKnMF_YE_nMPlwnVh-0-Bc1RExUMYI4rpPmbc9NYbRZmhn_rAiRNt6Hqjy8AgFhcUPNmCA-CD5VaYBPv-Ve1WolmrGwSzqIl5O7tdWbR7pd6vf5ZgNwOFk",
               "width" : 4624
            }
         ],
         "place_id" : "ChIJM5EE60lN4DsR6MeDmZ4jkG8",
         "plus_code" : {
            "compound_code" : "5QRF+24 Surat, Gujarat",
            "global_code" : "7JHJ5QRF+24"
         },
         "price_level" : 3,
         "rating" : 4.3,
         "reference" : "ChIJM5EE60lN4DsR6MeDmZ4jkG8",
         "scope" : "GOOGLE",
         "types" : [ "restaurant", "food", "point_of_interest", "establishment" ],
         "user_ratings_total" : 2077,
         "vicinity" : "Opp Madhav Atria, Nr Bagban Kratos Circle Green city Road, Gaurav Path Road, Pal Gam, Surat"
      },
      {
         "business_status" : "OPERATIONAL",
         "geometry" : {
            "location" : {
               "lat" : 21.168004,
               "lng" : 72.78447509999999
            },
            "viewport" : {
               "northeast" : {
                  "lat" : 21.16942527989272,
                  "lng" : 72.78593757989272
               },
               "southwest" : {
                  "lat" : 21.16672562010728,
                  "lng" : 72.78323792010727
               }
            }
         },
         "icon" : "https://maps.gstatic.com/mapfiles/place_api/icons/v1/png_71/restaurant-71.png",
         "icon_background_color" : "#FF9E67",
         "icon_mask_base_uri" : "https://maps.gstatic.com/mapfiles/place_api/icons/v2/restaurant_pinlet",
         "name" : "Table - 21",
         "opening_hours" : {
            "open_now" : true
         },
         "photos" : [
            {
               "height" : 583,
               "html_attributions" : [
                  "\u003ca href=\"https://maps.google.com/maps/contrib/118240489294718697350\"\u003eA Google User\u003c/a\u003e"
               ],
               "photo_reference" : "AUjq9jmZn4UU3shWnPZwhwZ5mm7KWlyqzGMVGHxjKbORXQt6yGPJ0xHTLfTzeFy40YIMeWMTVUfocvfCI1hybjxynrcCO-kNXJEBAFA1gqLMIjDvL_1chyXsy_TKXKaJZx5qN6WSvOuMG_FMVwXmJZy3PfzJHc-U67v5F0yXYx9wRyEPLaI3",
               "width" : 1280
            }
         ],
         "place_id" : "ChIJC3Grm5NN4DsR0uFH_qsELS0",
         "plus_code" : {
            "compound_code" : "5Q9M+6Q Surat, Gujarat",
            "global_code" : "7JHJ5Q9M+6Q"
         },
         "rating" : 4.6,
         "reference" : "ChIJC3Grm5NN4DsR0uFH_qsELS0",
         "scope" : "GOOGLE",
         "types" : [
            "grocery_or_supermarket",
            "store",
            "restaurant",
            "food",
            "point_of_interest",
            "establishment"
         ],
         "user_ratings_total" : 14,
         "vicinity" : "THE PARK, FP-10, Keval Chowk, opp. SVNIT COLLEGE, Nilam Society, Athwa, Surat"
      },
      {
         "business_status" : "OPERATIONAL",
         "geometry" : {
            "location" : {
               "lat" : 21.1950773,
               "lng" : 72.80180469999999
            },
            "viewport" : {
               "northeast" : {
                  "lat" : 21.19641157989272,
                  "lng" : 72.80320387989271
               },
               "southwest" : {
                  "lat" : 21.19371192010728,
                  "lng" : 72.80050422010727
               }
            }
         },
         "icon" : "https://maps.gstatic.com/mapfiles/place_api/icons/v1/png_71/restaurant-71.png",
         "icon_background_color" : "#FF9E67",
         "icon_mask_base_uri" : "https://maps.gstatic.com/mapfiles/place_api/icons/v2/restaurant_pinlet",
         "name" : "ZORKO, Brand Of Food Lovers",
         "opening_hours" : {
            "open_now" : true
         },
         "photos" : [
            {
               "height" : 768,
               "html_attributions" : [
                  "\u003ca href=\"https://maps.google.com/maps/contrib/105070438817905727756\"\u003eA Google User\u003c/a\u003e"
               ],
               "photo_reference" : "AUjq9jnI5gccOmrK4nkFvVX1VLBe_tIJPPL8WMomk5jeor1PjfwrXyZ_Xwnf4kTaWHSqi8kUGlvPJBtQVGvoCxjGD6EdqSNBGiiN04gFWmI93N0VPQ0LjLJvmEXv6VACK939bfLF0UfuXb2M79mb57vlF9kRhbPmfU2X0gX_yrq2Z5KuMV_B",
               "width" : 768
            }
         ],
         "place_id" : "ChIJu_I8U0dN4DsReRq_8dji4DY",
         "plus_code" : {
            "compound_code" : "5RW2+2P Surat, Gujarat",
            "global_code" : "7JHJ5RW2+2P"
         },
         "rating" : 4.7,
         "reference" : "ChIJu_I8U0dN4DsReRq_8dji4DY",
         "scope" : "GOOGLE",
         "types" : [ "restaurant", "food", "point_of_interest", "establishment" ],
         "user_ratings_total" : 36,
         "vicinity" : "34 MUKTANAND NAGAR, Gujarat Gas Cir, Adajan, Surat"
      },
      {
         "business_status" : "OPERATIONAL",
         "geometry" : {
            "location" : {
               "lat" : 21.1867935,
               "lng" : 72.7726258
            },
            "viewport" : {
               "northeast" : {
                  "lat" : 21.18812102989272,
                  "lng" : 72.77380507989272
               },
               "southwest" : {
                  "lat" : 21.18542137010727,
                  "lng" : 72.77110542010728
               }
            }
         },
         "icon" : "https://maps.gstatic.com/mapfiles/place_api/icons/v1/png_71/restaurant-71.png",
         "icon_background_color" : "#FF9E67",
         "icon_mask_base_uri" : "https://maps.gstatic.com/mapfiles/place_api/icons/v2/restaurant_pinlet",
         "name" : "7colours Multi Cuisine Restaurant & Banquet",
         "opening_hours" : {
            "open_now" : true
         },
         "photos" : [
            {
               "height" : 6144,
               "html_attributions" : [
                  "\u003ca href=\"https://maps.google.com/maps/contrib/108315070602780176306\"\u003eVijayendra singh Chitoria\u003c/a\u003e"
               ],
               "photo_reference" : "AUjq9jkPxQNyvZBR7z0mrfefjAjFhooiYQ5IiPW7TCteVVUcibRVWoWm2Y4aj0ZxLOqaXpOGUYsfqU8oFS2Y_Bkw01OtESwXR9vKe01lFv2xcsiVIJtZ1Xee4qoIjpG1nVLoYh_3-oUIhtrcl6WUBqKRefoj2gXCJtpsW-vtGEqtwwfGFXGW",
               "width" : 8192
            }
         ],
         "place_id" : "ChIJZW3e9UpN4DsRbNy2PK8-buQ",
         "plus_code" : {
            "compound_code" : "5QPF+P3 Surat, Gujarat",
            "global_code" : "7JHJ5QPF+P3"
         },
         "rating" : 4.6,
         "reference" : "ChIJZW3e9UpN4DsRbNy2PK8-buQ",
         "scope" : "GOOGLE",
         "types" : [ "restaurant", "food", "point_of_interest", "establishment" ],
         "user_ratings_total" : 381,
         "vicinity" : "7colours Multi Cuisine Restaurant, Baghban Kratos Club, Baghban Circle Gaurav Path, Road, Pal Gam, Surat"
      },
      {
         "business_status" : "OPERATIONAL",
         "geometry" : {
            "location" : {
               "lat" : 21.1655246,
               "lng" : 72.77570009999999
            },
            "viewport" : {
               "northeast" : {
                  "lat" : 21.16680082989272,
                  "lng" : 72.77710387989272
               },
               "southwest" : {
                  "lat" : 21.16410117010728,
                  "lng" : 72.77440422010727
               }
            }
         },
         "icon" : "https://maps.gstatic.com/mapfiles/place_api/icons/v1/png_71/restaurant-71.png",
         "icon_background_color" : "#FF9E67",
         "icon_mask_base_uri" : "https://maps.gstatic.com/mapfiles/place_api/icons/v2/restaurant_pinlet",
         "name" : "Dome Pizzeria",
         "opening_hours" : {
            "open_now" : false
         },
         "photos" : [
            {
               "height" : 3456,
               "html_attributions" : [
                  "\u003ca href=\"https://maps.google.com/maps/contrib/104040985529951998770\"\u003ekeyur\u003c/a\u003e"
               ],
               "photo_reference" : "AUjq9jk5XNrtigYR9ZCUCZfzdXhTdvolERF0PMSpAnAGBQzTdivfT19DGdycPqAEqfGKBGjjl063SqAa8NRN7-7jM0Pi3OIqzFpH3figIhJLdhv0fsQpjaw6ZRyqrMo412iWtoDzTo7LnssmgWwnxi-RRvEpo_CmfJmjp7DGDT3xKW8aPPz4",
               "width" : 4608
            }
         ],
         "place_id" : "ChIJd3MnjXlN4DsRgz89pp6en14",
         "plus_code" : {
            "compound_code" : "5Q8G+67 Surat, Gujarat",
            "global_code" : "7JHJ5Q8G+67"
         },
         "rating" : 4.2,
         "reference" : "ChIJd3MnjXlN4DsRgz89pp6en14",
         "scope" : "GOOGLE",
         "types" : [ "restaurant", "food", "point_of_interest", "establishment" ],
         "user_ratings_total" : 950,
         "vicinity" : "1st Floor, Samanvay, Near Chandni Chowk, Gymkhana Rd, Piplod, Surat"
      },
      {
         "business_status" : "OPERATIONAL",
         "geometry" : {
            "location" : {
               "lat" : 21.1663033,
               "lng" : 72.7770663
            },
            "viewport" : {
               "northeast" : {
                  "lat" : 21.16762652989273,
                  "lng" : 72.77838297989273
               },
               "southwest" : {
                  "lat" : 21.16492687010728,
                  "lng" : 72.77568332010729
               }
            }
         },
         "icon" : "https://maps.gstatic.com/mapfiles/place_api/icons/v1/png_71/restaurant-71.png",
         "icon_background_color" : "#FF9E67",
         "icon_mask_base_uri" : "https://maps.gstatic.com/mapfiles/place_api/icons/v2/restaurant_pinlet",
         "name" : "Food At 9",
         "opening_hours" : {
            "open_now" : true
         },
         "place_id" : "ChIJU-GIwT5N4DsRr_8xIY5TV0g",
         "plus_code" : {
            "compound_code" : "5Q8G+GR Surat, Gujarat",
            "global_code" : "7JHJ5Q8G+GR"
         },
         "rating" : 4,
         "reference" : "ChIJU-GIwT5N4DsRr_8xIY5TV0g",
         "scope" : "GOOGLE",
         "types" : [ "restaurant", "food", "point_of_interest", "establishment" ],
         "user_ratings_total" : 1,
         "vicinity" : "Shop no 5, plot no. 24, Piplod, Surat"
      }
   ],
   "status" : "OK"
}
