[
  {
    "price": "$16.99",
    "title": "Founders All Day IPA",
    "description": "A balanced, sessionable IPA with bright citrus and floral aromas.",
    "rating": {
      "average": 4.41124350915423,
      "reviews": 453
    },
    "image": "https://www.totalwine.com/media/sys_master/twmmedia/h00/h94/11891416367134.png",
    "id": 1
  },
  {
    "price": "$13.99",
    "title": "Blue Moon Belgian White Belgian-Style Wheat Ale",
    "description": "A Belgian-style wheat ale brewed with Valencia orange peel for a subtle sweetness.",
    "rating": {
      "average": 4.77526083338348,
      "reviews": 305
    },
    "image": "https://www.totalwine.com/media/sys_master/twmmedia/he8/h67/11931543830558.png",
    "id": 2
  },
  {
    "price": "$16.99",
    "title": "Guinness Extra Stout",
    "description": "A classic Irish stout with a rich, roasted flavor and creamy texture.",
    "rating": {
      "average": 3.97859614745946,
      "reviews": 119
    },
    "image": "https://www.totalwine.com/media/sys_master/twmmedia/h50/h90/11996630056990.png",
    "id": 3
  },
  {
    "price": "$8.99",
    "title": "Guinness Extra Stout",
    "description": "An iconic stout with a bold, roasted character and hints of coffee and dark chocolate.",
    "rating": {
      "average": 3.51354609619617,
      "reviews": 199
    },
    "image": "https://www.totalwine.com/media/sys_master/twmmedia/h35/he7/11996577726494.png",
    "id": 4
  },
  {
    "price": "$15.49",
    "title": "Sierra Nevada Pale Ale",
    "description": "A classic American pale ale with Cascade hops for a floral, citrusy aroma.",
    "rating": {
      "average": 4.26636464348387,
      "reviews": 414
    },
    "image": "https://www.totalwine.com/media/sys_master/twmmedia/h19/h43/11735160193054.png",
    "id": 5
  },
  {
    "price": "$15.49",
    "title": "Sierra Nevada Pale Ale",
    "description": "An iconic pale ale with a perfect balance of malt sweetness and hop bitterness.",
    "rating": {
      "average": 3.14116172354161,
      "reviews": 459
    },
    "image": "https://www.totalwine.com/media/sys_master/twmmedia/h0a/h17/11589987434526.png",
    "id": 6
  },
  {
    "price": "$15.99",
    "title": "Lagunitas IPA",
    "description": "A bold and hoppy IPA with a citrusy aroma and a crisp, clean finish.",
    "rating": {
      "average": 1.76106658713243,
      "reviews": 358
    },
    "image": "https://www.totalwine.com/media/sys_master/twmmedia/hd2/hfd/11348869382174.png",
    "id": 7
  },
  {
    "price": "$11.99",
    "title": "Dogfish Head 120-Minute IPA",
    "description": "An intensely hoppy and flavorful IPA with a high ABV for a strong kick.",
    "rating": {
      "average": 3.10531620956185,
      "reviews": 64
    },
    "image": "https://www.totalwine.com/media/sys_master/twmmedia/hf7/h2e/8814407614494.png",
    "id": 8
  },
  {
    "price": "$15.49",
    "title": "Sierra Nevada Torpedo Extra IPA",
    "description": "An extra hoppy IPA with a bold flavor profile and a lingering bitterness.",
    "rating": {
      "average": 1.10923697110872,
      "reviews": 345
    },
    "image": "https://www.totalwine.com/media/sys_master/twmmedia/ha5/h01/8799883329566.png",
    "id": 9
  },
  {
    "price": "$15.99",
    "title": "Sierra Nevada Hazy Little Thing IPA",
    "description": "A hazy IPA with juicy, tropical fruit flavors and a smooth, creamy mouthfeel.",
    "rating": {
      "average": 3.98907855443409,
      "reviews": 170
    },
    "image": "https://www.totalwine.com/media/sys_master/cmsmedia/hff/h0e/8979036078110.png",
    "id": 10
  },
  {
    "price": "$14.99",
    "title": "New Holland Dragon's Milk",
    "description": "A rich and creamy bourbon barrel-aged stout with notes of vanilla and oak.",
    "rating": {
      "average": 1.2005615080794,
      "reviews": 493
    },
    "image": "https://www.totalwine.com/media/sys_master/twmmedia/hf1/hef/11388243083294.png",
    "id": 11
  },
  {
    "price": "$12.99",
    "title": "New Belgium Oakspire Bourbon Barrel Ale",
    "description": "An amber ale aged in bourbon barrels, with flavors of caramel, vanilla, and oak.",
    "rating": {
      "average": 2.09963308050162,
      "reviews": 342
    },
    "image": "https://www.totalwine.com/media/sys_master/twmmedia/h8b/h8f/11475320012830.png",
    "id": 12
  },
  {
    "price": "$7.49",
    "title": "Guinness Draught",
    "description": "A smooth and creamy stout with a rich, malty flavor and a velvety finish.",
    "rating": {
      "average": 1.45065450031906,
      "reviews": 452
    },
    "image": "https://www.totalwine.com/media/sys_master/twmmedia/hcc/h64/11996579201054.png",
    "id": 13
  },
  {
    "price": "$10.99",
    "title": "Dogfish Head 60-Minute IPA",
    "description": "An approachable IPA with a balanced hop bitterness and a clean, crisp finish.",
    "rating": {
      "average": 1.37703079041764,
      "reviews": 324
    },
    "image": "https://www.totalwine.com/media/sys_master/twmmedia/h17/hc9/10124015599646.png",
    "id": 14
  },
  {
    "price": "$7.99",
    "title": "Blue Moon Belgian White Belgian-Style Wheat Ale",
    "description": "A refreshing wheat ale with a smooth, citrusy flavor and a hint of spice.",
    "rating": {
      "average": 4.0411282899912,
      "reviews": 50
    },
    "image": "https://www.totalwine.com/media/sys_master/twmmedia/h5b/hff/11941592694814.png",
    "id": 15
  },
  {
    "price": "$16.99",
    "title": "Guinness Draught",
    "description": "The classic Guinness stout, known for its smooth, creamy texture and iconic taste.",
    "rating": {
      "average": 2.9002860700544,
      "reviews": 401
    },
    "image": "https://www.totalwine.com/media/sys_master/twmmedia/h66/h6a/11996634775582.png",
    "id": 16
  },
  {
    "price": "$10.99",
    "title": "Weihenstephaner Hefe Weissbier",
    "description": "A traditional German wheat beer with flavors of banana, clove, and citrus.",
    "rating": {
      "average": 2.89292945072894,
      "reviews": 267
    },
    "image": "https://www.totalwine.com/media/sys_master/twmmedia/h19/he2/11969419083806.png",
    "id": 17
  },
  {
    "price": "$2.29",
    "title": "Cigar City Jai-Alai IPA",
    "description": "A bold and flavorful IPA with a tropical fruit aroma and a balanced bitterness.",
    "rating": {
      "average": 3.77966961877121,
      "reviews": 206
    },
    "image": "https://www.totalwine.com/media/sys_master/twmmedia/hdb/h25/11969380712478.png",
    "id": 18
  },
  {
    "price": "$21.99",
    "title": "Bell's Two Hearted Ale",
    "description": "An American IPA with intense hop aromas and a clean, crisp finish.",
    "rating": {
      "average": 1.76850073389993,
      "reviews": 63
    },
    "image": "https://www.totalwine.com/media/sys_master/twmmedia/hfc/h84/11735172120606.png",
    "id": 19
  },
  {
    "price": "$12.99",
    "title": "Kentucky Bourbon Barrel Ale",
    "description": "An ale aged in bourbon barrels for a rich, caramelized flavor and a smooth finish.",
    "rating": {
      "average": 2.23288987660893,
      "reviews": 377
    },
    "image": "https://www.totalwine.com/media/sys_master/twmmedia/h0f/h40/11931598913566.png",
    "id": 20
  }
]
