[
  {
    "title": "Maselva",
    "description": "Emporda 2012",
    "rating": {
      "average": "4.9",
      "reviews": "88 ratings"
    },
    "location": "Spain\n·\nEmpordà",
    "image": "https://images.vivino.com/thumbs/ApnIiXjcT5Kc33OHgNb9dA_375x500.jpg",
    "id": 1
  },
  {
    "title": "Ernesto Ruffo",
    "description": "Amarone della Valpolicella Riserva N.V.",
    "rating": {
      "average": "4.9",
      "reviews": "75 ratings"
    },
    "location": "Italy\n·\nAmarone della Valpolicella",
    "image": "https://images.vivino.com/thumbs/nC9V6L2mQQSq0s-wZLcaxw_pb_x300.png",
    "id": 2
  },
  {
    "title": "Cartuxa",
    "description": "Pêra-Manca Tinto 1990",
    "rating": {
      "average": "4.9",
      "reviews": "72 ratings"
    },
    "location": "Portugal\n·\nAlentejo",
    "image": "https://images.vivino.com/thumbs/L33jsYUuTMWTMy3KoqQyXg_pb_x300.png",
    "id": 3
  },
  {
    "title": "Schrader",
    "description": "Cabernet Sauvignon RBS Beckstoffer To Kalon Vineyard 2015",
    "rating": {
      "average": "4.9",
      "reviews": "72 ratings"
    },
    "location": "United States\n·\nOakville",
    "image": "https://images.vivino.com/thumbs/GpcSXs2ERS6niDxoAsvESA_pb_x300.png",
    "id": 4
  },
  {
    "title": "Hundred Acre",
    "description": "Wraith Cabernet Sauvignon 2013",
    "rating": {
      "average": "4.9",
      "reviews": "68 ratings"
    },
    "location": "United States\n·\nNapa Valley",
    "image": "https://images.vivino.com/thumbs/PBhGMcRNQ7aVnVNr7VgnWA_pb_x300.png",
    "id": 5
  },
  {
    "title": "Sine Qua Non",
    "description": "Ratsel Syrah N.V.",
    "rating": {
      "average": "4.9",
      "reviews": "68 ratings"
    },
    "location": "United States\n·\nCalifornia",
    "image": "https://images.vivino.com/thumbs/ZzMKzqFqRO-6oI3ys3gGgQ_pb_x300.png",
    "id": 6
  },
  {
    "title": "Del Dotto",
    "description": "The Beast Cabernet Sauvignon 2012",
    "rating": {
      "average": "4.9",
      "reviews": "60 ratings"
    },
    "location": "United States\n·\nRutherford",
    "image": "https://images.vivino.com/thumbs/easjTPIcS-mCQ99XoYOMgQ_pb_x300.png",
    "id": 7
  },
  {
    "title": "Darioush",
    "description": "Darius II Cabernet Sauvignon 2016",
    "rating": {
      "average": "4.9",
      "reviews": "59 ratings"
    },
    "location": "United States\n·\nNapa Valley",
    "image": "https://images.vivino.com/thumbs/U19RXtSdRMmoAesl2CBygA_pb_x300.png",
    "id": 8
  },
  {
    "title": "Garbole",
    "description": "Hurlo 2009",
    "rating": {
      "average": "4.9",
      "reviews": "55 ratings"
    },
    "location": "Italy\n·\nVeneto",
    "image": "https://images.vivino.com/thumbs/f_G1SS0eT_C6hZGGwdEZqA_pb_x300.png",
    "id": 9
  },
  {
    "title": "Scarecrow",
    "description": "Cabernet Sauvignon 2016",
    "rating": {
      "average": "4.9",
      "reviews": "54 ratings"
    },
    "location": "United States\n·\nRutherford",
    "image": "https://images.vivino.com/thumbs/pU7uFKR-TAKAOQaf3Hpn2A_pb_x300.png",
    "id": 10
  },
  {
    "title": "E. Guigal",
    "description": "Côte-Rôtie La Mouline 1990",
    "rating": {
      "average": "4.9",
      "reviews": "54 ratings"
    },
    "location": "France\n·\nCôte-Rôtie",
    "image": "https://images.vivino.com/thumbs/HYVZMFigQ5qXxni7s9SpWw_pb_x300.png",
    "id": 11
  },
  {
    "title": "",
    "description": "Chateau D Yguene 2001",
    "rating": {
      "average": "4.9",
      "reviews": "50 ratings"
    },
    "location": "",
    "image": "https://images.vivino.com/thumbs/V5JCHLK_SxSiWxhghoQ1yQ_375x500.jpg",
    "id": 12
  },
  {
    "title": "Domaine Armand Rousseau",
    "description": "Chambertin Grand Cru 1993",
    "rating": {
      "average": "4.9",
      "reviews": "45 ratings"
    },
    "location": "France\n·\nChambertin Grand Cru",
    "image": "https://images.vivino.com/thumbs/1XYwrN2-SQqqJlCMSUp3tA_pb_x300.png",
    "id": 13
  },
  {
    "title": "Catena Zapata",
    "description": "Estiba Reservada 1994",
    "rating": {
      "average": "4.9",
      "reviews": "44 ratings"
    },
    "location": "Argentina\n·\nAgrelo",
    "image": "https://images.vivino.com/thumbs/Yt464jw0QS-ugF7ZQEbE2Q_pb_x300.png",
    "id": 14
  },
  {
    "title": "Bodegas Valduero",
    "description": "Ribera Del Duero Gran Reserva 12 Años 1999",
    "rating": {
      "average": "4.9",
      "reviews": "44 ratings"
    },
    "location": "Spain\n·\nRibera del Duero",
    "image": "https://images.vivino.com/thumbs/5kJTu3dMQUCEtBy3zIhrKA_pb_x300.png",
    "id": 15
  },
  {
    "title": "Brion",
    "description": "Estate Grown Cabernet Sauvignon 2013",
    "rating": {
      "average": "4.9",
      "reviews": "44 ratings"
    },
    "location": "United States\n·\nMoon Mountain District",
    "image": "https://images.vivino.com/thumbs/2Uw98KdRSdGsqxCvpXxyOQ_375x500.jpg",
    "id": 16
  },
  {
    "title": "Gargiulo",
    "description": "G Major Seven Study Cabernet Sauvignon 2015",
    "rating": {
      "average": "4.9",
      "reviews": "44 ratings"
    },
    "location": "United States\n·\nOakville",
    "image": "https://images.vivino.com/thumbs/Q8MlhaRDTbaYh6Ydnr__iQ_pb_x300.png",
    "id": 17
  },
  {
    "title": "Conterno",
    "description": "Barolo Riserva Monfortino 1985",
    "rating": {
      "average": "4.9",
      "reviews": "44 ratings"
    },
    "location": "Italy\n·\nBarolo",
    "image": "https://images.vivino.com/thumbs/ElcyI1YpRSes_LvNodMeSQ_pb_x300.png",
    "id": 18
  },
  {
    "title": "Amici",
    "description": "Echion Cabernet Sauvignon 2014",
    "rating": {
      "average": "4.9",
      "reviews": "43 ratings"
    },
    "location": "United States\n·\nOakville",
    "image": "https://images.vivino.com/thumbs/0667TG7qS2KsRLsShMTjAw_pb_x300.png",
    "id": 19
  },
  {
    "title": "De Toren",
    "description": "Book 17 XVII 2016",
    "rating": {
      "average": "4.9",
      "reviews": "43 ratings"
    },
    "location": "South Africa\n·\nStellenbosch",
    "image": "https://images.vivino.com/thumbs/43se9NpdSPKkbPdGMbRV6Q_pb_x300.png",
    "id": 20
  }
]
